video_name,segment_number,label
_dI--eQ6qVU,1,1
_dI--eQ6qVU,2,1
_dI--eQ6qVU,3,0
_dI--eQ6qVU,4,1
_dI--eQ6qVU,5,1
_dI--eQ6qVU,6,1
_dI--eQ6qVU,7,1
_dI--eQ6qVU,8,1
_dI--eQ6qVU,9,1
_dI--eQ6qVU,10,1
_dI--eQ6qVU,11,1
_dI--eQ6qVU,12,1
_dI--eQ6qVU,13,1
_dI--eQ6qVU,14,1
_dI--eQ6qVU,15,1
_dI--eQ6qVU,16,1
_dI--eQ6qVU,17,0
_dI--eQ6qVU,18,1
_dI--eQ6qVU,19,1
_dI--eQ6qVU,20,1
_dI--eQ6qVU,21,1
_dI--eQ6qVU,22,1
_dI--eQ6qVU,23,0
_dI--eQ6qVU,24,1
_dI--eQ6qVU,25,1
_dI--eQ6qVU,26,0
_dI--eQ6qVU,27,0
_dI--eQ6qVU,28,1
0h-zjBukYpk,1,0
0h-zjBukYpk,2,0
0h-zjBukYpk,3,0
0h-zjBukYpk,4,0
0h-zjBukYpk,5,1
0h-zjBukYpk,6,0
0h-zjBukYpk,7,1
0h-zjBukYpk,8,1
0h-zjBukYpk,9,0
0h-zjBukYpk,10,0
0h-zjBukYpk,11,1
0h-zjBukYpk,12,0
0h-zjBukYpk,13,1
0h-zjBukYpk,14,1
0h-zjBukYpk,15,0
0h-zjBukYpk,16,1
0h-zjBukYpk,17,1
0h-zjBukYpk,18,0
0h-zjBukYpk,19,0
0h-zjBukYpk,20,1
0h-zjBukYpk,21,1
0h-zjBukYpk,22,1
0h-zjBukYpk,23,1
0h-zjBukYpk,24,1
0h-zjBukYpk,25,1
1DmNV9C1hbY,1,0
1DmNV9C1hbY,2,1
1DmNV9C1hbY,3,1
1DmNV9C1hbY,4,1
1DmNV9C1hbY,5,0
1DmNV9C1hbY,6,0
1DmNV9C1hbY,7,0
1DmNV9C1hbY,8,0
1DmNV9C1hbY,9,1
1DmNV9C1hbY,10,1
1DmNV9C1hbY,11,0
1DmNV9C1hbY,12,1
1DmNV9C1hbY,13,0
1DmNV9C1hbY,14,0
1iG0909rllw,1,0
1iG0909rllw,2,0
1iG0909rllw,3,1
1iG0909rllw,4,0
1iG0909rllw,5,1
1iG0909rllw,6,1
1iG0909rllw,7,0
1iG0909rllw,8,0
1iG0909rllw,9,0
1iG0909rllw,10,1
1iG0909rllw,11,1
1iG0909rllw,12,1
1iG0909rllw,13,1
1iG0909rllw,14,0
1iG0909rllw,15,0
1iG0909rllw,16,0
1iG0909rllw,17,0
1iG0909rllw,18,0
1iG0909rllw,19,0
1iG0909rllw,20,1
1iG0909rllw,21,0
1iG0909rllw,22,0
1iG0909rllw,23,1
1iG0909rllw,24,0
1iG0909rllw,25,1
1iG0909rllw,26,0
1iG0909rllw,27,1
1iG0909rllw,28,1
1iG0909rllw,29,0
1iG0909rllw,30,0
2iD-tVS8NPw,1,0
2iD-tVS8NPw,2,1
2iD-tVS8NPw,3,1
2iD-tVS8NPw,4,1
2iD-tVS8NPw,5,1
2iD-tVS8NPw,6,1
2iD-tVS8NPw,7,1
2iD-tVS8NPw,8,1
2iD-tVS8NPw,9,1
2iD-tVS8NPw,10,1
2iD-tVS8NPw,11,1
2iD-tVS8NPw,12,1
2iD-tVS8NPw,13,1
2iD-tVS8NPw,14,0
2iD-tVS8NPw,15,0
2iD-tVS8NPw,16,0
2iD-tVS8NPw,17,0
2iD-tVS8NPw,18,1
2iD-tVS8NPw,19,0
2iD-tVS8NPw,20,1
2iD-tVS8NPw,21,1
2iD-tVS8NPw,22,1
2iD-tVS8NPw,23,1
2iD-tVS8NPw,24,0
2iD-tVS8NPw,25,0
2iD-tVS8NPw,26,0
2iD-tVS8NPw,27,1
2iD-tVS8NPw,28,1
2iD-tVS8NPw,29,1
2iD-tVS8NPw,30,0
2WGyTLYerpo,1,1
2WGyTLYerpo,2,1
2WGyTLYerpo,3,0
2WGyTLYerpo,4,0
2WGyTLYerpo,5,0
2WGyTLYerpo,6,1
2WGyTLYerpo,7,1
2WGyTLYerpo,8,1
2WGyTLYerpo,9,0
2WGyTLYerpo,10,1
2WGyTLYerpo,11,1
2WGyTLYerpo,12,1
2WGyTLYerpo,13,1
2WGyTLYerpo,14,1
2WGyTLYerpo,15,1
2WGyTLYerpo,16,1
2WGyTLYerpo,17,1
2WGyTLYerpo,18,1
2WGyTLYerpo,19,1
2WGyTLYerpo,20,1
2WGyTLYerpo,21,1
2WGyTLYerpo,22,0
2WGyTLYerpo,23,0
2WGyTLYerpo,24,1
2WGyTLYerpo,25,1
2WGyTLYerpo,26,1
2WGyTLYerpo,27,1
2WGyTLYerpo,28,1
2WGyTLYerpo,29,1
2WGyTLYerpo,30,0
2WGyTLYerpo,31,1
2WGyTLYerpo,32,1
2WGyTLYerpo,33,1
2WGyTLYerpo,34,1
2WGyTLYerpo,35,1
2WGyTLYerpo,36,1
2WGyTLYerpo,37,1
2WGyTLYerpo,38,1
2WGyTLYerpo,39,0
2WGyTLYerpo,40,1
2WGyTLYerpo,41,1
2WGyTLYerpo,42,0
2WGyTLYerpo,43,1
2WGyTLYerpo,44,1
2WGyTLYerpo,45,1
2WGyTLYerpo,46,1
2WGyTLYerpo,47,0
2WGyTLYerpo,48,0
2WGyTLYerpo,49,0
2WGyTLYerpo,50,0
2WGyTLYerpo,51,0
2WGyTLYerpo,52,0
2WGyTLYerpo,53,0
2WGyTLYerpo,54,0
2WGyTLYerpo,55,0
2WGyTLYerpo,56,0
2WGyTLYerpo,57,0
2WGyTLYerpo,58,0
2WGyTLYerpo,59,1
2WGyTLYerpo,60,1
2WGyTLYerpo,61,1
2WGyTLYerpo,62,1
2WGyTLYerpo,63,1
03bSnISJMiM,1,1
03bSnISJMiM,2,0
03bSnISJMiM,3,0
03bSnISJMiM,4,0
03bSnISJMiM,5,0
03bSnISJMiM,6,0
03bSnISJMiM,7,1
03bSnISJMiM,8,0
03bSnISJMiM,9,1
03bSnISJMiM,10,0
03bSnISJMiM,11,0
03bSnISJMiM,12,1
03bSnISJMiM,13,1
5W7Z1C_fDaE,1,1
5W7Z1C_fDaE,2,1
5W7Z1C_fDaE,3,1
5W7Z1C_fDaE,4,1
5W7Z1C_fDaE,5,1
5W7Z1C_fDaE,6,1
5W7Z1C_fDaE,7,1
5W7Z1C_fDaE,8,1
5W7Z1C_fDaE,9,1
5W7Z1C_fDaE,10,1
5W7Z1C_fDaE,11,1
5W7Z1C_fDaE,12,1
5W7Z1C_fDaE,13,1
5W7Z1C_fDaE,14,1
5W7Z1C_fDaE,15,1
5W7Z1C_fDaE,16,0
5W7Z1C_fDaE,17,1
5W7Z1C_fDaE,18,1
5W7Z1C_fDaE,19,1
5W7Z1C_fDaE,20,1
5W7Z1C_fDaE,21,1
5W7Z1C_fDaE,22,1
5W7Z1C_fDaE,23,1
5W7Z1C_fDaE,24,1
6_0THN4chvY,1,1
6_0THN4chvY,2,1
6_0THN4chvY,3,1
6_0THN4chvY,4,1
6_0THN4chvY,5,0
6_0THN4chvY,6,1
6_0THN4chvY,7,1
6_0THN4chvY,8,1
6_0THN4chvY,9,0
6_0THN4chvY,10,1
6_0THN4chvY,11,1
6_0THN4chvY,12,1
6_0THN4chvY,13,1
6_0THN4chvY,14,1
6Egk_28TtTM,1,1
6Egk_28TtTM,2,1
6Egk_28TtTM,3,1
6Egk_28TtTM,4,1
6Egk_28TtTM,5,1
6Egk_28TtTM,6,1
6Egk_28TtTM,7,1
6Egk_28TtTM,8,1
6Egk_28TtTM,9,0
6Egk_28TtTM,10,1
6Egk_28TtTM,11,0
6Egk_28TtTM,12,1
7JsX8y1ysxY,1,1
7JsX8y1ysxY,2,1
7JsX8y1ysxY,3,0
7JsX8y1ysxY,4,1
7JsX8y1ysxY,5,1
7JsX8y1ysxY,6,1
7JsX8y1ysxY,7,0
7JsX8y1ysxY,8,0
7JsX8y1ysxY,9,1
7JsX8y1ysxY,10,1
7JsX8y1ysxY,11,0
7JsX8y1ysxY,12,1
7JsX8y1ysxY,13,0
7JsX8y1ysxY,14,0
7JsX8y1ysxY,15,0
7JsX8y1ysxY,16,1
7JsX8y1ysxY,17,1
7JsX8y1ysxY,18,0
7JsX8y1ysxY,19,0
7JsX8y1ysxY,20,1
7JsX8y1ysxY,21,1
7JsX8y1ysxY,22,1
7JsX8y1ysxY,23,1
7JsX8y1ysxY,24,1
7JsX8y1ysxY,25,1
7JsX8y1ysxY,26,1
7JsX8y1ysxY,27,1
7JsX8y1ysxY,28,0
7JsX8y1ysxY,29,0
7JsX8y1ysxY,30,1
7JsX8y1ysxY,31,1
7JsX8y1ysxY,32,1
7JsX8y1ysxY,33,1
7JsX8y1ysxY,34,0
7JsX8y1ysxY,35,0
7JsX8y1ysxY,36,0
7JsX8y1ysxY,37,0
7JsX8y1ysxY,38,0
7JsX8y1ysxY,39,1
8d-gEyoeBzc,1,1
8d-gEyoeBzc,2,0
8d-gEyoeBzc,3,0
8d-gEyoeBzc,4,0
8d-gEyoeBzc,5,0
8d-gEyoeBzc,6,0
8d-gEyoeBzc,7,1
8d-gEyoeBzc,8,1
8d-gEyoeBzc,9,1
8d-gEyoeBzc,10,1
8d-gEyoeBzc,11,1
8d-gEyoeBzc,12,1
8d-gEyoeBzc,13,1
8d-gEyoeBzc,14,0
8d-gEyoeBzc,15,1
8d-gEyoeBzc,16,1
8d-gEyoeBzc,17,1
8d-gEyoeBzc,18,1
8d-gEyoeBzc,19,1
8d-gEyoeBzc,20,1
8d-gEyoeBzc,21,0
8d-gEyoeBzc,22,0
8d-gEyoeBzc,23,0
8d-gEyoeBzc,24,0
8d-gEyoeBzc,25,1
8d-gEyoeBzc,26,1
8d-gEyoeBzc,27,0
8d-gEyoeBzc,28,0
8d-gEyoeBzc,29,0
8d-gEyoeBzc,30,0
8OtFthrtaJM,1,1
8OtFthrtaJM,2,0
8OtFthrtaJM,3,0
8OtFthrtaJM,4,0
8OtFthrtaJM,5,0
8OtFthrtaJM,6,0
8OtFthrtaJM,7,0
8OtFthrtaJM,8,0
8OtFthrtaJM,9,1
8OtFthrtaJM,10,1
8OtFthrtaJM,11,0
8OtFthrtaJM,12,0
8OtFthrtaJM,13,0
8OtFthrtaJM,14,0
8OtFthrtaJM,15,0
8OtFthrtaJM,16,1
8OtFthrtaJM,17,1
8OtFthrtaJM,18,1
8OtFthrtaJM,19,0
8OtFthrtaJM,20,0
8OtFthrtaJM,21,0
8OtFthrtaJM,22,1
8OtFthrtaJM,23,0
8qrpnFRGt2A,1,0
8qrpnFRGt2A,2,0
8qrpnFRGt2A,3,0
8qrpnFRGt2A,4,0
8qrpnFRGt2A,5,0
8qrpnFRGt2A,6,0
8qrpnFRGt2A,7,0
8qrpnFRGt2A,8,0
8qrpnFRGt2A,9,0
8qrpnFRGt2A,10,0
8qrpnFRGt2A,11,0
8qrpnFRGt2A,12,0
8qrpnFRGt2A,13,0
8qrpnFRGt2A,14,0
8qrpnFRGt2A,15,0
8qrpnFRGt2A,16,0
8qrpnFRGt2A,17,0
8qrpnFRGt2A,18,1
8qrpnFRGt2A,19,1
8qrpnFRGt2A,20,0
8qrpnFRGt2A,21,0
8qrpnFRGt2A,22,0
8qrpnFRGt2A,23,0
8qrpnFRGt2A,24,0
8qrpnFRGt2A,25,1
8qrpnFRGt2A,26,0
9c67fiY0wGQ,1,0
9c67fiY0wGQ,2,1
9c67fiY0wGQ,3,1
9c67fiY0wGQ,4,1
9c67fiY0wGQ,5,1
9c67fiY0wGQ,6,1
9c67fiY0wGQ,7,1
9c67fiY0wGQ,8,1
9c67fiY0wGQ,9,1
9c67fiY0wGQ,10,1
9c67fiY0wGQ,11,1
9c67fiY0wGQ,12,1
9J25DZhivz8,1,1
9J25DZhivz8,2,1
9J25DZhivz8,3,1
9J25DZhivz8,4,1
9J25DZhivz8,5,1
9J25DZhivz8,6,1
9J25DZhivz8,7,1
9J25DZhivz8,8,1
9J25DZhivz8,9,1
9J25DZhivz8,10,1
9J25DZhivz8,11,1
9J25DZhivz8,12,1
9J25DZhivz8,13,0
9J25DZhivz8,14,1
9J25DZhivz8,15,1
9J25DZhivz8,16,1
9J25DZhivz8,17,1
9J25DZhivz8,18,1
9J25DZhivz8,19,1
9J25DZhivz8,20,1
9J25DZhivz8,21,1
9J25DZhivz8,22,0
9J25DZhivz8,23,1
9J25DZhivz8,24,1
9J25DZhivz8,25,1
9qR7uwkblbs,1,0
9qR7uwkblbs,2,1
9qR7uwkblbs,3,1
9qR7uwkblbs,4,1
9qR7uwkblbs,5,1
9qR7uwkblbs,6,0
9qR7uwkblbs,7,1
9qR7uwkblbs,8,1
9qR7uwkblbs,9,0
9qR7uwkblbs,10,1
9qR7uwkblbs,11,1
9qR7uwkblbs,12,0
9qR7uwkblbs,13,0
9qR7uwkblbs,14,0
9qR7uwkblbs,15,0
9qR7uwkblbs,16,0
9qR7uwkblbs,17,0
9qR7uwkblbs,18,1
9qR7uwkblbs,19,0
9qR7uwkblbs,20,0
9qR7uwkblbs,21,0
9qR7uwkblbs,22,0
9qR7uwkblbs,23,0
9qR7uwkblbs,24,0
9qR7uwkblbs,25,1
9qR7uwkblbs,26,0
9qR7uwkblbs,27,1
9qR7uwkblbs,28,0
9qR7uwkblbs,29,0
9qR7uwkblbs,30,0
9qR7uwkblbs,31,0
9qR7uwkblbs,32,1
9qR7uwkblbs,33,0
9T9Hf74oK10,1,0
9T9Hf74oK10,2,1
9T9Hf74oK10,3,0
9T9Hf74oK10,4,0
9T9Hf74oK10,5,0
9T9Hf74oK10,6,1
9T9Hf74oK10,7,0
9T9Hf74oK10,8,0
9T9Hf74oK10,9,1
9T9Hf74oK10,10,0
9T9Hf74oK10,11,0
9T9Hf74oK10,12,1
9T9Hf74oK10,13,1
9T9Hf74oK10,14,1
9T9Hf74oK10,15,0
9T9Hf74oK10,16,1
9T9Hf74oK10,17,0
9T9Hf74oK10,18,1
9T9Hf74oK10,19,1
9T9Hf74oK10,20,0
9T9Hf74oK10,21,0
9T9Hf74oK10,22,1
9T9Hf74oK10,23,1
9T9Hf74oK10,24,0
9T9Hf74oK10,25,0
73jzhE8R1TQ,1,1
73jzhE8R1TQ,2,0
73jzhE8R1TQ,3,0
73jzhE8R1TQ,4,1
73jzhE8R1TQ,5,0
73jzhE8R1TQ,6,1
73jzhE8R1TQ,7,1
73jzhE8R1TQ,8,1
73jzhE8R1TQ,9,1
73jzhE8R1TQ,10,1
73jzhE8R1TQ,11,0
73jzhE8R1TQ,12,0
73jzhE8R1TQ,13,0
73jzhE8R1TQ,14,0
73jzhE8R1TQ,15,0
73jzhE8R1TQ,16,0
73jzhE8R1TQ,17,0
73jzhE8R1TQ,18,0
73jzhE8R1TQ,19,0
Af8D0E4ZXaw,1,0
Af8D0E4ZXaw,2,1
Af8D0E4ZXaw,3,1
Af8D0E4ZXaw,4,0
Af8D0E4ZXaw,5,0
Af8D0E4ZXaw,6,0
Af8D0E4ZXaw,7,0
Af8D0E4ZXaw,8,0
Af8D0E4ZXaw,9,0
Af8D0E4ZXaw,10,0
Af8D0E4ZXaw,11,1
Af8D0E4ZXaw,12,1
Af8D0E4ZXaw,13,1
Af8D0E4ZXaw,14,1
Af8D0E4ZXaw,15,1
Af8D0E4ZXaw,16,1
Af8D0E4ZXaw,17,1
Af8D0E4ZXaw,18,1
Af8D0E4ZXaw,19,1
Af8D0E4ZXaw,20,1
Af8D0E4ZXaw,21,0
Af8D0E4ZXaw,22,0
Af8D0E4ZXaw,23,0
Af8D0E4ZXaw,24,0
Af8D0E4ZXaw,25,0
Af8D0E4ZXaw,26,0
Af8D0E4ZXaw,27,0
Af8D0E4ZXaw,28,0
Af8D0E4ZXaw,29,0
Af8D0E4ZXaw,30,0
Af8D0E4ZXaw,31,0
aiEXnCPZubE,1,0
aiEXnCPZubE,2,0
aiEXnCPZubE,3,0
aiEXnCPZubE,4,0
aiEXnCPZubE,5,0
aiEXnCPZubE,6,1
aiEXnCPZubE,7,1
aiEXnCPZubE,8,0
aiEXnCPZubE,9,0
aiEXnCPZubE,10,0
aiEXnCPZubE,11,1
aiEXnCPZubE,12,0
aiEXnCPZubE,13,0
aiEXnCPZubE,14,0
aiEXnCPZubE,15,0
aiEXnCPZubE,16,0
aiEXnCPZubE,17,0
aiEXnCPZubE,18,1
aiEXnCPZubE,19,0
aiEXnCPZubE,20,0
aiEXnCPZubE,21,0
aiEXnCPZubE,22,1
aiEXnCPZubE,23,1
aiEXnCPZubE,24,0
aiEXnCPZubE,25,1
aiEXnCPZubE,26,1
aiEXnCPZubE,27,1
aiEXnCPZubE,28,1
aiEXnCPZubE,29,1
aiEXnCPZubE,30,1
atnd_PF-Lbs,1,0
atnd_PF-Lbs,2,0
atnd_PF-Lbs,3,0
atnd_PF-Lbs,4,0
atnd_PF-Lbs,5,0
atnd_PF-Lbs,6,0
atnd_PF-Lbs,7,0
atnd_PF-Lbs,8,0
atnd_PF-Lbs,9,0
atnd_PF-Lbs,10,0
atnd_PF-Lbs,11,1
atnd_PF-Lbs,12,0
atnd_PF-Lbs,13,0
atnd_PF-Lbs,14,0
atnd_PF-Lbs,15,0
atnd_PF-Lbs,16,1
atnd_PF-Lbs,17,1
atnd_PF-Lbs,18,0
atnd_PF-Lbs,19,0
atnd_PF-Lbs,20,0
atnd_PF-Lbs,21,1
Bfr499ggo-0,1,0
Bfr499ggo-0,2,0
Bfr499ggo-0,3,1
Bfr499ggo-0,4,0
Bfr499ggo-0,5,0
Bfr499ggo-0,6,0
Bfr499ggo-0,7,0
Bfr499ggo-0,8,0
Bfr499ggo-0,9,1
Bfr499ggo-0,10,1
Bfr499ggo-0,11,0
Bfr499ggo-0,12,0
Bfr499ggo-0,13,0
Bfr499ggo-0,14,0
Bfr499ggo-0,15,0
Bfr499ggo-0,16,1
Bfr499ggo-0,17,1
Bfr499ggo-0,18,1
Bfr499ggo-0,19,0
Bfr499ggo-0,20,0
Bfr499ggo-0,21,0
Bfr499ggo-0,22,1
BI97DNYfe5I,1,1
BI97DNYfe5I,2,0
BI97DNYfe5I,3,0
BI97DNYfe5I,4,1
BI97DNYfe5I,5,1
BI97DNYfe5I,6,1
BI97DNYfe5I,7,0
BI97DNYfe5I,8,1
BI97DNYfe5I,9,1
BI97DNYfe5I,10,1
BI97DNYfe5I,11,1
BI97DNYfe5I,12,1
BI97DNYfe5I,13,1
BI97DNYfe5I,14,1
BI97DNYfe5I,15,1
BI97DNYfe5I,16,1
BI97DNYfe5I,17,1
BI97DNYfe5I,18,1
BI97DNYfe5I,19,1
BI97DNYfe5I,20,0
BI97DNYfe5I,21,1
BI97DNYfe5I,22,1
BI97DNYfe5I,23,1
BI97DNYfe5I,24,1
BI97DNYfe5I,25,1
BI97DNYfe5I,26,1
BI97DNYfe5I,27,0
BI97DNYfe5I,28,1
BI97DNYfe5I,29,1
BI97DNYfe5I,30,1
BI97DNYfe5I,31,1
BioHAh1qJAQ,1,1
BioHAh1qJAQ,2,1
BioHAh1qJAQ,3,1
BioHAh1qJAQ,4,1
BioHAh1qJAQ,5,1
BioHAh1qJAQ,6,0
BioHAh1qJAQ,7,1
BioHAh1qJAQ,8,1
BioHAh1qJAQ,9,1
BioHAh1qJAQ,10,1
BioHAh1qJAQ,11,1
BioHAh1qJAQ,12,1
BioHAh1qJAQ,13,1
BioHAh1qJAQ,14,1
BioHAh1qJAQ,15,0
BioHAh1qJAQ,16,1
BioHAh1qJAQ,17,1
BioHAh1qJAQ,18,1
BioHAh1qJAQ,19,1
BioHAh1qJAQ,20,0
BioHAh1qJAQ,21,0
BioHAh1qJAQ,22,0
BioHAh1qJAQ,23,0
BioHAh1qJAQ,24,0
BioHAh1qJAQ,25,0
BioHAh1qJAQ,26,1
BioHAh1qJAQ,27,0
BioHAh1qJAQ,28,0
BioHAh1qJAQ,29,0
BioHAh1qJAQ,30,0
bOL9jKpeJRs,1,1
bOL9jKpeJRs,2,1
bOL9jKpeJRs,3,1
bOL9jKpeJRs,4,1
bOL9jKpeJRs,5,1
bOL9jKpeJRs,6,1
bOL9jKpeJRs,7,0
bOL9jKpeJRs,8,0
bOL9jKpeJRs,9,1
bOL9jKpeJRs,10,1
bOL9jKpeJRs,11,1
bOL9jKpeJRs,12,1
bOL9jKpeJRs,13,1
bOL9jKpeJRs,14,1
bOL9jKpeJRs,15,1
bOL9jKpeJRs,16,1
bOL9jKpeJRs,17,1
bOL9jKpeJRs,18,1
bOL9jKpeJRs,19,1
bOL9jKpeJRs,20,1
bOL9jKpeJRs,21,0
bOL9jKpeJRs,22,1
bOL9jKpeJRs,23,0
bOL9jKpeJRs,24,0
bOL9jKpeJRs,25,0
bOL9jKpeJRs,26,1
bOL9jKpeJRs,27,0
bOL9jKpeJRs,28,0
bOL9jKpeJRs,29,1
bOL9jKpeJRs,30,1
bOL9jKpeJRs,31,0
bOL9jKpeJRs,32,1
bOL9jKpeJRs,33,1
bOL9jKpeJRs,34,1
bvLlb-M3UXU,1,0
bvLlb-M3UXU,2,0
bvLlb-M3UXU,3,0
bvLlb-M3UXU,4,1
bvLlb-M3UXU,5,0
bvLlb-M3UXU,6,0
bvLlb-M3UXU,7,0
bvLlb-M3UXU,8,0
bvLlb-M3UXU,9,0
bvLlb-M3UXU,10,1
bvLlb-M3UXU,11,0
bvLlb-M3UXU,12,1
bvLlb-M3UXU,13,0
bvLlb-M3UXU,14,1
bvLlb-M3UXU,15,1
bvLlb-M3UXU,16,0
bvLlb-M3UXU,17,1
bvLlb-M3UXU,18,0
bvLlb-M3UXU,19,1
bvLlb-M3UXU,20,0
bvLlb-M3UXU,21,0
bvLlb-M3UXU,22,0
bvLlb-M3UXU,23,1
bvLlb-M3UXU,24,0
bvLlb-M3UXU,25,0
BvYR0L6f2Ig,1,1
BvYR0L6f2Ig,2,1
BvYR0L6f2Ig,3,1
BvYR0L6f2Ig,4,0
BvYR0L6f2Ig,5,0
BvYR0L6f2Ig,6,0
BvYR0L6f2Ig,7,1
BvYR0L6f2Ig,8,1
BvYR0L6f2Ig,9,1
BvYR0L6f2Ig,10,0
BvYR0L6f2Ig,11,1
BvYR0L6f2Ig,12,1
BvYR0L6f2Ig,13,0
BvYR0L6f2Ig,14,0
BvYR0L6f2Ig,15,0
BvYR0L6f2Ig,16,1
BvYR0L6f2Ig,17,1
BvYR0L6f2Ig,18,0
BvYR0L6f2Ig,19,1
BvYR0L6f2Ig,20,1
BvYR0L6f2Ig,21,1
BvYR0L6f2Ig,22,0
BvYR0L6f2Ig,23,1
BvYR0L6f2Ig,24,1
BvYR0L6f2Ig,25,1
BvYR0L6f2Ig,26,1
BXuRRbG0Ugk,1,0
BXuRRbG0Ugk,2,1
BXuRRbG0Ugk,3,0
BXuRRbG0Ugk,4,0
BXuRRbG0Ugk,5,0
BXuRRbG0Ugk,6,1
BXuRRbG0Ugk,7,1
BXuRRbG0Ugk,8,1
BXuRRbG0Ugk,9,0
BXuRRbG0Ugk,10,1
BXuRRbG0Ugk,11,0
BXuRRbG0Ugk,12,1
BXuRRbG0Ugk,13,1
BXuRRbG0Ugk,14,0
BXuRRbG0Ugk,15,0
BXuRRbG0Ugk,16,0
BXuRRbG0Ugk,17,0
BXuRRbG0Ugk,18,0
BXuRRbG0Ugk,19,1
BXuRRbG0Ugk,20,0
BXuRRbG0Ugk,21,1
BXuRRbG0Ugk,22,1
BXuRRbG0Ugk,23,1
BXuRRbG0Ugk,24,1
BXuRRbG0Ugk,25,1
BXuRRbG0Ugk,26,1
BXuRRbG0Ugk,27,0
BXuRRbG0Ugk,28,1
BXuRRbG0Ugk,29,1
BXuRRbG0Ugk,30,0
BXuRRbG0Ugk,31,0
c5xsKMxpXnc,1,0
c5xsKMxpXnc,2,0
c5xsKMxpXnc,3,0
c5xsKMxpXnc,4,1
c5xsKMxpXnc,5,0
c5xsKMxpXnc,6,0
c5xsKMxpXnc,7,0
c5xsKMxpXnc,8,0
c5xsKMxpXnc,9,0
c5xsKMxpXnc,10,0
c5xsKMxpXnc,11,0
c5xsKMxpXnc,12,0
c5xsKMxpXnc,13,0
c5xsKMxpXnc,14,0
c5xsKMxpXnc,15,0
c7UH_rxdZv4,1,0
c7UH_rxdZv4,2,0
c7UH_rxdZv4,3,0
c7UH_rxdZv4,4,1
c7UH_rxdZv4,5,0
c7UH_rxdZv4,6,0
c7UH_rxdZv4,7,0
c7UH_rxdZv4,8,0
c7UH_rxdZv4,9,0
c7UH_rxdZv4,10,1
c7UH_rxdZv4,11,1
c7UH_rxdZv4,12,0
c7UH_rxdZv4,13,0
c7UH_rxdZv4,14,1
c7UH_rxdZv4,15,0
c7UH_rxdZv4,16,0
c7UH_rxdZv4,17,0
c7UH_rxdZv4,18,0
c7UH_rxdZv4,19,0
c7UH_rxdZv4,20,0
c7UH_rxdZv4,21,0
c7UH_rxdZv4,22,0
c7UH_rxdZv4,23,0
c7UH_rxdZv4,24,0
c7UH_rxdZv4,25,0
c7UH_rxdZv4,26,0
c7UH_rxdZv4,27,0
c7UH_rxdZv4,28,0
c7UH_rxdZv4,29,1
c7UH_rxdZv4,30,1
c7UH_rxdZv4,31,0
c7UH_rxdZv4,32,0
c7UH_rxdZv4,33,0
Ci-AH39fi3Y,1,1
Ci-AH39fi3Y,2,1
Ci-AH39fi3Y,3,0
Ci-AH39fi3Y,4,1
Ci-AH39fi3Y,5,1
Ci-AH39fi3Y,6,1
Ci-AH39fi3Y,7,1
Ci-AH39fi3Y,8,1
Ci-AH39fi3Y,9,1
Ci-AH39fi3Y,10,1
Ci-AH39fi3Y,11,0
Ci-AH39fi3Y,12,1
Ci-AH39fi3Y,13,0
Ci-AH39fi3Y,14,0
Ci-AH39fi3Y,15,0
Ci-AH39fi3Y,16,0
Ci-AH39fi3Y,17,0
Ci-AH39fi3Y,18,0
Ci-AH39fi3Y,19,0
Ci-AH39fi3Y,20,1
Ci-AH39fi3Y,21,1
Ci-AH39fi3Y,22,1
Ci-AH39fi3Y,23,0
Ci-AH39fi3Y,24,0
Ci-AH39fi3Y,25,1
Ci-AH39fi3Y,26,0
Ci-AH39fi3Y,27,0
Ci-AH39fi3Y,28,1
Ci-AH39fi3Y,29,1
Ci-AH39fi3Y,30,0
Ci-AH39fi3Y,31,1
Ci-AH39fi3Y,32,1
Ci-AH39fi3Y,33,0
Ci-AH39fi3Y,34,1
Ci-AH39fi3Y,35,1
Ci-AH39fi3Y,36,0
Ci-AH39fi3Y,37,1
Ci-AH39fi3Y,38,1
Ci-AH39fi3Y,39,1
Ci-AH39fi3Y,40,0
Ci-AH39fi3Y,41,0
Ci-AH39fi3Y,42,0
Ci-AH39fi3Y,43,1
Ci-AH39fi3Y,44,1
Clx4VXItLTE,1,0
Clx4VXItLTE,2,1
Clx4VXItLTE,3,1
Clx4VXItLTE,4,0
Clx4VXItLTE,5,0
Clx4VXItLTE,6,0
Clx4VXItLTE,7,1
Clx4VXItLTE,8,1
Clx4VXItLTE,9,0
Clx4VXItLTE,10,1
Clx4VXItLTE,11,0
Clx4VXItLTE,12,0
Clx4VXItLTE,13,0
Clx4VXItLTE,14,1
Clx4VXItLTE,15,0
Clx4VXItLTE,16,0
Clx4VXItLTE,17,0
Clx4VXItLTE,18,0
Clx4VXItLTE,19,1
Clx4VXItLTE,20,1
Clx4VXItLTE,21,1
Clx4VXItLTE,22,1
Clx4VXItLTE,23,1
Clx4VXItLTE,24,1
Clx4VXItLTE,25,1
Clx4VXItLTE,26,1
Clx4VXItLTE,27,1
Clx4VXItLTE,28,1
Clx4VXItLTE,29,0
Clx4VXItLTE,30,0
Clx4VXItLTE,31,1
cM3Yna7AavY,1,1
cM3Yna7AavY,2,1
cM3Yna7AavY,3,1
cM3Yna7AavY,4,1
cM3Yna7AavY,5,1
cM3Yna7AavY,6,1
cM3Yna7AavY,7,1
cM3Yna7AavY,8,0
cM3Yna7AavY,9,0
cM3Yna7AavY,10,1
cM3Yna7AavY,11,1
cM3Yna7AavY,12,0
cM3Yna7AavY,13,0
cM3Yna7AavY,14,0
cM3Yna7AavY,15,0
cM3Yna7AavY,16,0
cW1FSBF59ik,1,0
cW1FSBF59ik,2,1
cW1FSBF59ik,3,0
cW1FSBF59ik,4,1
cW1FSBF59ik,5,1
cW1FSBF59ik,6,1
cW1FSBF59ik,7,1
cW1FSBF59ik,8,1
cW1FSBF59ik,9,0
cW1FSBF59ik,10,0
cW1FSBF59ik,11,0
cW1FSBF59ik,12,1
cW1FSBF59ik,13,1
cW1FSBF59ik,14,0
cW1FSBF59ik,15,0
cW1FSBF59ik,16,1
cW1FSBF59ik,17,1
cW1FSBF59ik,18,1
cW1FSBF59ik,19,1
cW1FSBF59ik,20,1
cW1FSBF59ik,21,1
cW1FSBF59ik,22,0
cW1FSBF59ik,23,1
cW1FSBF59ik,24,0
cXypl4FnoZo,1,1
cXypl4FnoZo,2,1
cXypl4FnoZo,3,1
cXypl4FnoZo,4,0
cXypl4FnoZo,5,1
cXypl4FnoZo,6,0
cXypl4FnoZo,7,0
cXypl4FnoZo,8,1
cXypl4FnoZo,9,1
cXypl4FnoZo,10,1
cXypl4FnoZo,11,1
cXypl4FnoZo,12,1
cXypl4FnoZo,13,0
cXypl4FnoZo,14,0
cXypl4FnoZo,15,0
cXypl4FnoZo,16,0
cXypl4FnoZo,17,0
cXypl4FnoZo,18,0
cXypl4FnoZo,19,1
cXypl4FnoZo,20,0
cXypl4FnoZo,21,0
cXypl4FnoZo,22,1
cXypl4FnoZo,23,1
cXypl4FnoZo,24,1
cXypl4FnoZo,25,0
cXypl4FnoZo,26,1
cXypl4FnoZo,27,1
cXypl4FnoZo,28,0
cXypl4FnoZo,29,0
d3_k5Xpfmik,1,1
d3_k5Xpfmik,2,0
d3_k5Xpfmik,3,1
d3_k5Xpfmik,4,0
d3_k5Xpfmik,5,1
d3_k5Xpfmik,6,1
d3_k5Xpfmik,7,1
d3_k5Xpfmik,8,1
d3_k5Xpfmik,9,1
d3_k5Xpfmik,10,1
d3_k5Xpfmik,11,1
d3_k5Xpfmik,12,1
d3_k5Xpfmik,13,1
d3_k5Xpfmik,14,1
d3_k5Xpfmik,15,1
d3_k5Xpfmik,16,1
d3_k5Xpfmik,17,1
d3_k5Xpfmik,18,1
d3_k5Xpfmik,19,1
d6hH302o4v8,1,0
d6hH302o4v8,2,0
d6hH302o4v8,3,1
d6hH302o4v8,4,0
d6hH302o4v8,5,0
d6hH302o4v8,6,0
d6hH302o4v8,7,0
d6hH302o4v8,8,0
d6hH302o4v8,9,0
d6hH302o4v8,10,0
d6hH302o4v8,11,0
d6hH302o4v8,12,1
d6hH302o4v8,13,0
d6hH302o4v8,14,0
d6hH302o4v8,15,0
d6hH302o4v8,16,0
d6hH302o4v8,17,0
d6hH302o4v8,18,0
d6hH302o4v8,19,0
d6hH302o4v8,20,1
d6hH302o4v8,21,0
d6hH302o4v8,22,0
d6hH302o4v8,23,0
d6hH302o4v8,24,0
d6hH302o4v8,25,0
d6hH302o4v8,26,0
d6hH302o4v8,27,0
d6hH302o4v8,28,0
d6hH302o4v8,29,0
d6hH302o4v8,30,0
d6hH302o4v8,31,0
d6hH302o4v8,32,0
d6hH302o4v8,33,0
d6hH302o4v8,34,0
d6hH302o4v8,35,0
d6hH302o4v8,36,0
d6hH302o4v8,37,0
d6hH302o4v8,38,0
d6hH302o4v8,39,0
d6hH302o4v8,40,0
d6hH302o4v8,41,0
d6hH302o4v8,42,0
d6hH302o4v8,43,0
Dg_0XKD0Mf4,1,0
Dg_0XKD0Mf4,2,1
Dg_0XKD0Mf4,3,1
Dg_0XKD0Mf4,4,1
Dg_0XKD0Mf4,5,1
Dg_0XKD0Mf4,6,0
Dg_0XKD0Mf4,7,0
Dg_0XKD0Mf4,8,1
Dg_0XKD0Mf4,9,0
Dg_0XKD0Mf4,10,0
Dg_0XKD0Mf4,11,1
Dg_0XKD0Mf4,12,1
Dg_0XKD0Mf4,13,0
Dg_0XKD0Mf4,14,0
Dg_0XKD0Mf4,15,1
Dg_0XKD0Mf4,16,1
Dg_0XKD0Mf4,17,1
Dg_0XKD0Mf4,18,1
dq3Nf_lMPnE,1,0
dq3Nf_lMPnE,2,0
dq3Nf_lMPnE,3,0
dq3Nf_lMPnE,4,0
dq3Nf_lMPnE,5,1
dq3Nf_lMPnE,6,1
dq3Nf_lMPnE,7,0
dq3Nf_lMPnE,8,1
dq3Nf_lMPnE,9,0
dq3Nf_lMPnE,10,1
dq3Nf_lMPnE,11,0
dq3Nf_lMPnE,12,0
dq3Nf_lMPnE,13,0
dq3Nf_lMPnE,14,0
dq3Nf_lMPnE,15,1
etzxEpPuc6I,1,1
etzxEpPuc6I,2,1
etzxEpPuc6I,3,0
etzxEpPuc6I,4,1
etzxEpPuc6I,5,0
etzxEpPuc6I,6,1
etzxEpPuc6I,7,0
etzxEpPuc6I,8,0
etzxEpPuc6I,9,0
etzxEpPuc6I,10,0
etzxEpPuc6I,11,0
etzxEpPuc6I,12,1
etzxEpPuc6I,13,0
etzxEpPuc6I,14,0
etzxEpPuc6I,15,1
etzxEpPuc6I,16,0
etzxEpPuc6I,17,0
etzxEpPuc6I,18,1
etzxEpPuc6I,19,0
f_pcplsH_V0,1,1
f_pcplsH_V0,2,1
f_pcplsH_V0,3,1
f_pcplsH_V0,4,1
f_pcplsH_V0,5,1
f_pcplsH_V0,6,1
f_pcplsH_V0,7,0
f_pcplsH_V0,8,1
f_pcplsH_V0,9,0
f_pcplsH_V0,10,1
f_pcplsH_V0,11,0
f_pcplsH_V0,12,0
f_pcplsH_V0,13,1
f_pcplsH_V0,14,0
f_pcplsH_V0,15,0
f9O3YtZ2VfI,1,0
f9O3YtZ2VfI,2,1
f9O3YtZ2VfI,3,1
f9O3YtZ2VfI,4,0
f9O3YtZ2VfI,5,0
f9O3YtZ2VfI,6,0
f9O3YtZ2VfI,7,0
f9O3YtZ2VfI,8,0
f9O3YtZ2VfI,9,0
f9O3YtZ2VfI,10,0
f9O3YtZ2VfI,11,0
f9O3YtZ2VfI,12,0
f9O3YtZ2VfI,13,0
f9O3YtZ2VfI,14,1
f9O3YtZ2VfI,15,0
f9O3YtZ2VfI,16,0
f9O3YtZ2VfI,17,0
f9O3YtZ2VfI,18,0
f9O3YtZ2VfI,19,0
f9O3YtZ2VfI,20,0
f9O3YtZ2VfI,21,1
f9O3YtZ2VfI,22,1
f9O3YtZ2VfI,23,1
f9O3YtZ2VfI,24,0
f9O3YtZ2VfI,25,0
f9O3YtZ2VfI,26,1
f9O3YtZ2VfI,27,1
f9O3YtZ2VfI,28,1
f9O3YtZ2VfI,29,0
f9O3YtZ2VfI,30,0
fvVhgmXxadc,1,0
fvVhgmXxadc,2,0
fvVhgmXxadc,3,0
fvVhgmXxadc,4,0
fvVhgmXxadc,5,0
fvVhgmXxadc,6,0
fvVhgmXxadc,7,0
fvVhgmXxadc,8,0
fvVhgmXxadc,9,0
fvVhgmXxadc,10,0
fvVhgmXxadc,11,0
fvVhgmXxadc,12,0
fvVhgmXxadc,13,1
fvVhgmXxadc,14,0
G6GlGvlkxAQ,1,1
G6GlGvlkxAQ,2,1
G6GlGvlkxAQ,3,1
G6GlGvlkxAQ,4,1
G6GlGvlkxAQ,5,1
G6GlGvlkxAQ,6,1
G6GlGvlkxAQ,7,1
G6GlGvlkxAQ,8,1
G6GlGvlkxAQ,9,1
G6GlGvlkxAQ,10,1
G6GlGvlkxAQ,11,1
G6GlGvlkxAQ,12,0
G6GlGvlkxAQ,13,0
G6GlGvlkxAQ,14,0
G6GlGvlkxAQ,15,0
G6GlGvlkxAQ,16,0
G6GlGvlkxAQ,17,0
G6GlGvlkxAQ,18,0
G6GlGvlkxAQ,19,0
G6GlGvlkxAQ,20,0
G6GlGvlkxAQ,21,0
G6GlGvlkxAQ,22,1
G6GlGvlkxAQ,23,0
G6GlGvlkxAQ,24,1
G6GlGvlkxAQ,25,1
G6GlGvlkxAQ,26,1
G6GlGvlkxAQ,27,0
G6GlGvlkxAQ,28,0
G6GlGvlkxAQ,29,1
GWuJjcEuzt8,1,1
GWuJjcEuzt8,2,1
GWuJjcEuzt8,3,1
GWuJjcEuzt8,4,0
GWuJjcEuzt8,5,0
GWuJjcEuzt8,6,0
GWuJjcEuzt8,7,1
GWuJjcEuzt8,8,0
GWuJjcEuzt8,9,1
GWuJjcEuzt8,10,1
GWuJjcEuzt8,11,1
GWuJjcEuzt8,12,1
GWuJjcEuzt8,13,1
GWuJjcEuzt8,14,1
GWuJjcEuzt8,15,1
GWuJjcEuzt8,16,1
GWuJjcEuzt8,17,0
GWuJjcEuzt8,18,0
G-xst2euQUc,1,1
G-xst2euQUc,2,0
G-xst2euQUc,3,0
G-xst2euQUc,4,0
G-xst2euQUc,5,1
G-xst2euQUc,6,1
G-xst2euQUc,7,1
G-xst2euQUc,8,1
G-xst2euQUc,9,1
G-xst2euQUc,10,1
G-xst2euQUc,11,0
G-xst2euQUc,12,1
G-xst2euQUc,13,1
G-xst2euQUc,14,0
G-xst2euQUc,15,1
G-xst2euQUc,16,0
G-xst2euQUc,17,0
G-xst2euQUc,18,0
G-xst2euQUc,19,1
G-xst2euQUc,20,1
G-xst2euQUc,21,1
HEsqda8_d0Q,1,1
HEsqda8_d0Q,2,1
HEsqda8_d0Q,3,1
HEsqda8_d0Q,4,1
HEsqda8_d0Q,5,0
HEsqda8_d0Q,6,1
HEsqda8_d0Q,7,1
HEsqda8_d0Q,8,1
HEsqda8_d0Q,9,1
HEsqda8_d0Q,10,1
HEsqda8_d0Q,11,1
HEsqda8_d0Q,12,0
HEsqda8_d0Q,13,0
HEsqda8_d0Q,14,1
HEsqda8_d0Q,15,1
HEsqda8_d0Q,16,1
HEsqda8_d0Q,17,0
HEsqda8_d0Q,18,0
HEsqda8_d0Q,19,0
HEsqda8_d0Q,20,1
HEsqda8_d0Q,21,1
HEsqda8_d0Q,22,1
HEsqda8_d0Q,23,0
HEsqda8_d0Q,24,1
HEsqda8_d0Q,25,1
HEsqda8_d0Q,26,0
HEsqda8_d0Q,27,0
HEsqda8_d0Q,28,1
HEsqda8_d0Q,29,0
HEsqda8_d0Q,30,1
HEsqda8_d0Q,31,1
HEsqda8_d0Q,32,1
HEsqda8_d0Q,33,1
HEsqda8_d0Q,34,0
I5y0__X72p0,1,1
I5y0__X72p0,2,0
I5y0__X72p0,3,0
I5y0__X72p0,4,1
I5y0__X72p0,5,1
I5y0__X72p0,6,1
I5y0__X72p0,7,0
I5y0__X72p0,8,0
I5y0__X72p0,9,1
I5y0__X72p0,10,1
I5y0__X72p0,11,1
I5y0__X72p0,12,0
I5y0__X72p0,13,1
I5y0__X72p0,14,0
I5y0__X72p0,15,1
I5y0__X72p0,16,0
I5y0__X72p0,17,0
I5y0__X72p0,18,1
I5y0__X72p0,19,1
I5y0__X72p0,20,0
I5y0__X72p0,21,0
I5y0__X72p0,22,0
I5y0__X72p0,23,0
I5y0__X72p0,24,0
I5y0__X72p0,25,1
I5y0__X72p0,26,0
I5y0__X72p0,27,0
I5y0__X72p0,28,1
I5y0__X72p0,29,1
I5y0__X72p0,30,1
I5y0__X72p0,31,1
I5y0__X72p0,32,1
I5y0__X72p0,33,1
I5y0__X72p0,34,1
I5y0__X72p0,35,1
I5y0__X72p0,36,0
I5y0__X72p0,37,1
I5y0__X72p0,38,1
I5y0__X72p0,39,1
iiK8YX8oH1E,1,0
iiK8YX8oH1E,2,1
iiK8YX8oH1E,3,0
iiK8YX8oH1E,4,0
iiK8YX8oH1E,5,0
iiK8YX8oH1E,6,1
iiK8YX8oH1E,7,0
iiK8YX8oH1E,8,0
iiK8YX8oH1E,9,1
iiK8YX8oH1E,10,0
iiK8YX8oH1E,11,1
iiK8YX8oH1E,12,1
iiK8YX8oH1E,13,0
iiK8YX8oH1E,14,0
iiK8YX8oH1E,15,1
iiK8YX8oH1E,16,0
iiK8YX8oH1E,17,1
iiK8YX8oH1E,18,0
Iu2PFX3z_1s,1,1
Iu2PFX3z_1s,2,1
Iu2PFX3z_1s,3,1
Iu2PFX3z_1s,4,0
Iu2PFX3z_1s,5,1
Iu2PFX3z_1s,6,1
Iu2PFX3z_1s,7,1
Iu2PFX3z_1s,8,0
Iu2PFX3z_1s,9,1
Iu2PFX3z_1s,10,1
Iu2PFX3z_1s,11,1
Iu2PFX3z_1s,12,1
Iu2PFX3z_1s,13,1
Iu2PFX3z_1s,14,1
Iu2PFX3z_1s,15,1
Iu2PFX3z_1s,16,1
IumbAb8q2dM,1,1
IumbAb8q2dM,2,0
IumbAb8q2dM,3,1
IumbAb8q2dM,4,1
IumbAb8q2dM,5,1
IumbAb8q2dM,6,1
IumbAb8q2dM,7,0
IumbAb8q2dM,8,1
IumbAb8q2dM,9,1
IumbAb8q2dM,10,0
IumbAb8q2dM,11,0
IumbAb8q2dM,12,1
IumbAb8q2dM,13,1
IumbAb8q2dM,14,1
IumbAb8q2dM,15,1
IumbAb8q2dM,16,1
IumbAb8q2dM,17,1
IumbAb8q2dM,18,1
IumbAb8q2dM,19,1
IumbAb8q2dM,20,1
IumbAb8q2dM,21,1
IumbAb8q2dM,22,1
Jkswaaud0hk,1,1
Jkswaaud0hk,2,1
Jkswaaud0hk,3,1
Jkswaaud0hk,4,1
Jkswaaud0hk,5,1
Jkswaaud0hk,6,1
Jkswaaud0hk,7,1
Jkswaaud0hk,8,1
Jkswaaud0hk,9,1
Jkswaaud0hk,10,0
Jkswaaud0hk,11,1
Jkswaaud0hk,12,1
Jkswaaud0hk,13,1
Jkswaaud0hk,14,1
Jkswaaud0hk,15,1
Jkswaaud0hk,16,1
Jkswaaud0hk,17,1
Jkswaaud0hk,18,1
Jkswaaud0hk,19,1
Jkswaaud0hk,20,1
jUzDDGyPkXU,1,1
jUzDDGyPkXU,2,1
jUzDDGyPkXU,3,0
jUzDDGyPkXU,4,0
jUzDDGyPkXU,5,0
jUzDDGyPkXU,6,0
jUzDDGyPkXU,7,0
jUzDDGyPkXU,8,1
jUzDDGyPkXU,9,1
jUzDDGyPkXU,10,1
jUzDDGyPkXU,11,1
jUzDDGyPkXU,12,1
jUzDDGyPkXU,13,0
jUzDDGyPkXU,14,1
jUzDDGyPkXU,15,1
jUzDDGyPkXU,16,1
jUzDDGyPkXU,17,0
jUzDDGyPkXU,18,0
jUzDDGyPkXU,19,1
jUzDDGyPkXU,20,0
jUzDDGyPkXU,21,0
jUzDDGyPkXU,22,0
jUzDDGyPkXU,23,1
jUzDDGyPkXU,24,0
jUzDDGyPkXU,25,0
jUzDDGyPkXU,26,0
jUzDDGyPkXU,27,0
k5Y_838nuGo,1,0
k5Y_838nuGo,2,1
k5Y_838nuGo,3,1
k5Y_838nuGo,4,1
k5Y_838nuGo,5,0
k5Y_838nuGo,6,1
k5Y_838nuGo,7,0
k5Y_838nuGo,8,0
k5Y_838nuGo,9,1
k5Y_838nuGo,10,1
k5Y_838nuGo,11,1
k5Y_838nuGo,12,1
k5Y_838nuGo,13,1
k5Y_838nuGo,14,0
k5Y_838nuGo,15,0
k5Y_838nuGo,16,1
k5Y_838nuGo,17,1
k5Y_838nuGo,18,1
k5Y_838nuGo,19,0
k5Y_838nuGo,20,1
k5Y_838nuGo,21,0
k5Y_838nuGo,22,1
k5Y_838nuGo,23,0
k5Y_838nuGo,24,1
k5Y_838nuGo,25,0
k5Y_838nuGo,26,1
k5Y_838nuGo,27,0
k5Y_838nuGo,28,1
k5Y_838nuGo,29,0
k5Y_838nuGo,30,1
k5Y_838nuGo,31,0
LSi-o-IrDMs,1,1
LSi-o-IrDMs,2,0
LSi-o-IrDMs,3,0
LSi-o-IrDMs,4,0
LSi-o-IrDMs,5,0
LSi-o-IrDMs,6,0
LSi-o-IrDMs,7,0
LSi-o-IrDMs,8,1
LSi-o-IrDMs,9,0
LSi-o-IrDMs,10,0
LSi-o-IrDMs,11,1
LSi-o-IrDMs,12,0
LSi-o-IrDMs,13,0
LSi-o-IrDMs,14,1
LSi-o-IrDMs,15,1
LSi-o-IrDMs,16,1
LSi-o-IrDMs,17,1
LSi-o-IrDMs,18,1
LSi-o-IrDMs,19,1
LSi-o-IrDMs,20,0
LSi-o-IrDMs,21,1
LSi-o-IrDMs,22,1
LSi-o-IrDMs,23,1
LSi-o-IrDMs,24,1
LSi-o-IrDMs,25,1
LSi-o-IrDMs,26,0
LSi-o-IrDMs,27,0
LSi-o-IrDMs,28,0
LSi-o-IrDMs,29,1
lXPQBPVc5Cw,1,1
lXPQBPVc5Cw,2,0
lXPQBPVc5Cw,3,0
lXPQBPVc5Cw,4,0
lXPQBPVc5Cw,5,0
lXPQBPVc5Cw,6,0
lXPQBPVc5Cw,7,0
lXPQBPVc5Cw,8,1
lXPQBPVc5Cw,9,0
lXPQBPVc5Cw,10,0
lXPQBPVc5Cw,11,0
lXPQBPVc5Cw,12,0
lXPQBPVc5Cw,13,1
lXPQBPVc5Cw,14,0
lXPQBPVc5Cw,15,0
lXPQBPVc5Cw,16,1
lXPQBPVc5Cw,17,0
lXPQBPVc5Cw,18,0
lXPQBPVc5Cw,19,0
lXPQBPVc5Cw,20,0
lXPQBPVc5Cw,21,1
lXPQBPVc5Cw,22,1
lXPQBPVc5Cw,23,0
lXPQBPVc5Cw,24,0
lXPQBPVc5Cw,25,0
lXPQBPVc5Cw,26,0
lXPQBPVc5Cw,27,0
lXPQBPVc5Cw,28,1
lXPQBPVc5Cw,29,0
lXPQBPVc5Cw,30,0
MLal-t_vJPM,1,0
MLal-t_vJPM,2,1
MLal-t_vJPM,3,1
MLal-t_vJPM,4,1
MLal-t_vJPM,5,1
MLal-t_vJPM,6,1
MLal-t_vJPM,7,1
MLal-t_vJPM,8,1
MLal-t_vJPM,9,1
MLal-t_vJPM,10,0
MLal-t_vJPM,11,0
MLal-t_vJPM,12,0
MLal-t_vJPM,13,1
MLal-t_vJPM,14,0
MLal-t_vJPM,15,0
MLal-t_vJPM,16,0
MLal-t_vJPM,17,0
MLal-t_vJPM,18,0
nbWiPyCm4g0,1,1
nbWiPyCm4g0,2,0
nbWiPyCm4g0,3,0
nbWiPyCm4g0,4,0
nbWiPyCm4g0,5,0
nbWiPyCm4g0,6,0
nbWiPyCm4g0,7,0
nbWiPyCm4g0,8,0
nbWiPyCm4g0,9,0
nbWiPyCm4g0,10,1
Njd1F0vZSm4,1,1
Njd1F0vZSm4,2,1
Njd1F0vZSm4,3,1
Njd1F0vZSm4,4,1
Njd1F0vZSm4,5,1
Njd1F0vZSm4,6,1
Njd1F0vZSm4,7,0
Njd1F0vZSm4,8,0
Njd1F0vZSm4,9,0
Njd1F0vZSm4,10,0
Njd1F0vZSm4,11,0
Njd1F0vZSm4,12,0
Njd1F0vZSm4,13,1
nzpVDcQ0ywM,1,0
nzpVDcQ0ywM,2,0
nzpVDcQ0ywM,3,1
nzpVDcQ0ywM,4,0
nzpVDcQ0ywM,5,0
nzpVDcQ0ywM,6,0
nzpVDcQ0ywM,7,0
nzpVDcQ0ywM,8,1
nzpVDcQ0ywM,9,0
nzpVDcQ0ywM,10,0
nzpVDcQ0ywM,11,0
nzpVDcQ0ywM,12,0
nzpVDcQ0ywM,13,0
nzpVDcQ0ywM,14,1
nzpVDcQ0ywM,15,0
nzpVDcQ0ywM,16,1
nzpVDcQ0ywM,17,1
nzpVDcQ0ywM,18,1
nzpVDcQ0ywM,19,0
nzpVDcQ0ywM,20,1
nzpVDcQ0ywM,21,0
nzpVDcQ0ywM,22,1
nzpVDcQ0ywM,23,1
nzpVDcQ0ywM,24,1
Nzq88NnDkEk,1,0
Nzq88NnDkEk,2,0
Nzq88NnDkEk,3,0
Nzq88NnDkEk,4,0
Nzq88NnDkEk,5,0
Nzq88NnDkEk,6,1
Nzq88NnDkEk,7,1
Nzq88NnDkEk,8,0
Nzq88NnDkEk,9,0
Nzq88NnDkEk,10,0
Nzq88NnDkEk,11,0
Nzq88NnDkEk,12,0
Nzq88NnDkEk,13,0
Nzq88NnDkEk,14,0
Nzq88NnDkEk,15,0
Nzq88NnDkEk,16,0
Nzq88NnDkEk,17,0
Nzq88NnDkEk,18,0
Nzq88NnDkEk,19,0
Nzq88NnDkEk,20,0
Nzq88NnDkEk,21,0
Nzq88NnDkEk,22,0
Nzq88NnDkEk,23,0
Nzq88NnDkEk,24,0
Nzq88NnDkEk,25,0
Nzq88NnDkEk,26,0
Nzq88NnDkEk,27,0
Nzq88NnDkEk,28,0
Nzq88NnDkEk,29,1
Nzq88NnDkEk,30,0
Nzq88NnDkEk,31,1
Nzq88NnDkEk,32,1
OQvJTdtJ2H4,1,0
OQvJTdtJ2H4,2,0
OQvJTdtJ2H4,3,0
OQvJTdtJ2H4,4,0
OQvJTdtJ2H4,5,0
OQvJTdtJ2H4,6,0
OQvJTdtJ2H4,7,0
OQvJTdtJ2H4,8,0
OQvJTdtJ2H4,9,0
OQvJTdtJ2H4,10,0
OQvJTdtJ2H4,11,0
OQvJTdtJ2H4,12,0
OQvJTdtJ2H4,13,1
OQvJTdtJ2H4,14,0
OQvJTdtJ2H4,15,0
OQvJTdtJ2H4,16,0
OtBXNcAL_lE,1,1
OtBXNcAL_lE,2,0
OtBXNcAL_lE,3,0
OtBXNcAL_lE,4,0
OtBXNcAL_lE,5,0
OtBXNcAL_lE,6,1
OtBXNcAL_lE,7,0
OtBXNcAL_lE,8,1
OtBXNcAL_lE,9,1
OtBXNcAL_lE,10,1
OtBXNcAL_lE,11,1
OtBXNcAL_lE,12,0
OtBXNcAL_lE,13,0
OtBXNcAL_lE,14,0
OtBXNcAL_lE,15,0
OtBXNcAL_lE,16,0
OtBXNcAL_lE,17,0
OtBXNcAL_lE,18,0
OtBXNcAL_lE,19,0
OtBXNcAL_lE,20,0
OtBXNcAL_lE,21,0
OtBXNcAL_lE,22,0
OtBXNcAL_lE,23,0
OtBXNcAL_lE,24,0
Oz06ZWiO20M,1,1
Oz06ZWiO20M,2,0
Oz06ZWiO20M,3,0
Oz06ZWiO20M,4,1
Oz06ZWiO20M,5,1
Oz06ZWiO20M,6,0
Oz06ZWiO20M,7,0
Oz06ZWiO20M,8,0
Oz06ZWiO20M,9,0
Oz06ZWiO20M,10,0
Oz06ZWiO20M,11,0
Oz06ZWiO20M,12,0
Oz06ZWiO20M,13,1
Oz06ZWiO20M,14,1
Oz06ZWiO20M,15,1
Oz06ZWiO20M,16,0
Oz06ZWiO20M,17,1
Oz06ZWiO20M,18,1
Oz06ZWiO20M,19,0
Oz06ZWiO20M,20,1
Oz06ZWiO20M,21,1
Oz06ZWiO20M,22,0
Oz06ZWiO20M,23,0
Oz06ZWiO20M,24,1
Oz06ZWiO20M,25,1
ob23OKe5a9Q,1,1
ob23OKe5a9Q,2,1
ob23OKe5a9Q,3,0
ob23OKe5a9Q,4,0
ob23OKe5a9Q,5,0
ob23OKe5a9Q,6,0
ob23OKe5a9Q,7,1
ob23OKe5a9Q,8,1
ob23OKe5a9Q,9,0
ob23OKe5a9Q,10,1
ob23OKe5a9Q,11,1
ob23OKe5a9Q,12,1
ob23OKe5a9Q,13,1
ob23OKe5a9Q,14,1
phBUpBr1hSo,1,1
phBUpBr1hSo,2,1
phBUpBr1hSo,3,1
phBUpBr1hSo,4,0
phBUpBr1hSo,5,0
phBUpBr1hSo,6,1
phBUpBr1hSo,7,0
phBUpBr1hSo,8,0
phBUpBr1hSo,9,0
phBUpBr1hSo,10,0
phBUpBr1hSo,11,1
phBUpBr1hSo,12,1
phBUpBr1hSo,13,1
phBUpBr1hSo,14,0
phBUpBr1hSo,15,0
phBUpBr1hSo,16,0
phBUpBr1hSo,17,1
phBUpBr1hSo,18,1
phBUpBr1hSo,19,1
phBUpBr1hSo,20,0
phBUpBr1hSo,21,1
pLTX3ipuDJI,1,0
pLTX3ipuDJI,2,0
pLTX3ipuDJI,3,0
pLTX3ipuDJI,4,0
pLTX3ipuDJI,5,0
pLTX3ipuDJI,6,0
pLTX3ipuDJI,7,1
pLTX3ipuDJI,8,0
pLTX3ipuDJI,9,0
pLTX3ipuDJI,10,0
pLTX3ipuDJI,11,1
pLTX3ipuDJI,12,0
pLTX3ipuDJI,13,0
pLTX3ipuDJI,14,0
pLTX3ipuDJI,15,0
pLTX3ipuDJI,16,0
POKffnXeBds,1,0
POKffnXeBds,2,0
POKffnXeBds,3,0
POKffnXeBds,4,0
POKffnXeBds,5,0
POKffnXeBds,6,0
POKffnXeBds,7,0
POKffnXeBds,8,0
POKffnXeBds,9,0
POKffnXeBds,10,0
POKffnXeBds,11,0
POKffnXeBds,12,0
POKffnXeBds,13,0
PZ-lDQFboO8,1,0
PZ-lDQFboO8,2,0
PZ-lDQFboO8,3,0
PZ-lDQFboO8,4,0
PZ-lDQFboO8,5,1
PZ-lDQFboO8,6,0
PZ-lDQFboO8,7,0
PZ-lDQFboO8,8,0
PZ-lDQFboO8,9,0
PZ-lDQFboO8,10,1
PZ-lDQFboO8,11,0
PZ-lDQFboO8,12,0
QN9ZIUWUXsY,1,1
QN9ZIUWUXsY,2,0
QN9ZIUWUXsY,3,1
QN9ZIUWUXsY,4,0
QN9ZIUWUXsY,5,1
QN9ZIUWUXsY,6,1
QN9ZIUWUXsY,7,0
QN9ZIUWUXsY,8,0
QN9ZIUWUXsY,9,0
QN9ZIUWUXsY,10,1
QN9ZIUWUXsY,11,0
QN9ZIUWUXsY,12,0
QN9ZIUWUXsY,13,1
QN9ZIUWUXsY,14,1
QN9ZIUWUXsY,15,1
QN9ZIUWUXsY,16,1
QN9ZIUWUXsY,17,0
QN9ZIUWUXsY,18,0
Qr1Ca94K55A,1,1
Qr1Ca94K55A,2,0
Qr1Ca94K55A,3,0
Qr1Ca94K55A,4,1
Qr1Ca94K55A,5,0
Qr1Ca94K55A,6,1
Qr1Ca94K55A,7,0
Qr1Ca94K55A,8,1
Qr1Ca94K55A,9,1
Qr1Ca94K55A,10,0
Qr1Ca94K55A,11,1
Qr1Ca94K55A,12,0
Qr1Ca94K55A,13,0
Qr1Ca94K55A,14,1
rnaNMUZpvvg,1,0
rnaNMUZpvvg,2,1
rnaNMUZpvvg,3,0
rnaNMUZpvvg,4,0
rnaNMUZpvvg,5,0
rnaNMUZpvvg,6,0
rnaNMUZpvvg,7,0
rnaNMUZpvvg,8,0
rnaNMUZpvvg,9,0
rnaNMUZpvvg,10,0
rnaNMUZpvvg,11,0
rnaNMUZpvvg,12,0
rnaNMUZpvvg,13,0
rnaNMUZpvvg,14,0
rnaNMUZpvvg,15,0
rnaNMUZpvvg,16,0
rnaNMUZpvvg,17,0
rnaNMUZpvvg,18,0
rnaNMUZpvvg,19,0
rnaNMUZpvvg,20,1
rnaNMUZpvvg,21,0
rnaNMUZpvvg,22,0
Sqr0AcuoNnk,1,0
Sqr0AcuoNnk,2,0
Sqr0AcuoNnk,3,1
Sqr0AcuoNnk,4,0
Sqr0AcuoNnk,5,0
Sqr0AcuoNnk,6,0
Sqr0AcuoNnk,7,1
Sqr0AcuoNnk,8,1
Sqr0AcuoNnk,9,1
Sqr0AcuoNnk,10,0
Sqr0AcuoNnk,11,0
Sqr0AcuoNnk,12,1
Sqr0AcuoNnk,13,1
Sqr0AcuoNnk,14,1
Sqr0AcuoNnk,15,1
Sqr0AcuoNnk,16,1
Sqr0AcuoNnk,17,0
Sqr0AcuoNnk,18,1
Sqr0AcuoNnk,19,0
Sqr0AcuoNnk,20,0
Sqr0AcuoNnk,21,0
Sqr0AcuoNnk,22,0
tIrG4oNLFzE,1,1
tIrG4oNLFzE,2,1
tIrG4oNLFzE,3,1
tIrG4oNLFzE,4,1
tIrG4oNLFzE,5,1
tIrG4oNLFzE,6,1
tIrG4oNLFzE,7,0
tIrG4oNLFzE,8,0
tIrG4oNLFzE,9,0
tIrG4oNLFzE,10,0
tIrG4oNLFzE,11,0
tIrG4oNLFzE,12,0
tIrG4oNLFzE,13,0
tIrG4oNLFzE,14,0
tIrG4oNLFzE,15,0
tIrG4oNLFzE,16,0
tIrG4oNLFzE,17,0
tIrG4oNLFzE,18,0
tmZoasNr4rU,1,0
tmZoasNr4rU,2,0
tmZoasNr4rU,3,0
tmZoasNr4rU,4,0
tmZoasNr4rU,5,0
tmZoasNr4rU,6,0
tmZoasNr4rU,7,0
tmZoasNr4rU,8,0
tmZoasNr4rU,9,0
tmZoasNr4rU,10,0
tmZoasNr4rU,11,0
tmZoasNr4rU,12,0
tmZoasNr4rU,13,0
tmZoasNr4rU,14,0
tmZoasNr4rU,15,1
tmZoasNr4rU,16,0
tmZoasNr4rU,17,0
tmZoasNr4rU,18,0
tmZoasNr4rU,19,1
tmZoasNr4rU,20,0
tStelxIAHjw,1,0
tStelxIAHjw,2,0
tStelxIAHjw,3,1
tStelxIAHjw,4,0
tStelxIAHjw,5,0
tStelxIAHjw,6,1
tStelxIAHjw,7,1
tStelxIAHjw,8,0
tStelxIAHjw,9,0
tStelxIAHjw,10,0
tStelxIAHjw,11,0
tStelxIAHjw,12,0
tStelxIAHjw,13,0
tStelxIAHjw,14,0
tStelxIAHjw,15,1
tStelxIAHjw,16,1
TvyZBvOMOTc,1,0
TvyZBvOMOTc,2,1
TvyZBvOMOTc,3,1
TvyZBvOMOTc,4,1
TvyZBvOMOTc,5,1
TvyZBvOMOTc,6,0
TvyZBvOMOTc,7,1
TvyZBvOMOTc,8,0
TvyZBvOMOTc,9,0
TvyZBvOMOTc,10,0
TvyZBvOMOTc,11,1
TvyZBvOMOTc,12,1
TvyZBvOMOTc,13,1
TvyZBvOMOTc,14,0
TvyZBvOMOTc,15,1
v0zCBqDeKcE,1,1
v0zCBqDeKcE,2,0
v0zCBqDeKcE,3,1
v0zCBqDeKcE,4,0
v0zCBqDeKcE,5,1
v0zCBqDeKcE,6,1
v0zCBqDeKcE,7,1
v0zCBqDeKcE,8,1
v0zCBqDeKcE,9,1
v0zCBqDeKcE,10,1
v0zCBqDeKcE,11,1
v0zCBqDeKcE,12,0
v0zCBqDeKcE,13,1
v0zCBqDeKcE,14,1
v0zCBqDeKcE,15,1
v0zCBqDeKcE,16,0
VbQk4H8hgr0,1,0
VbQk4H8hgr0,2,1
VbQk4H8hgr0,3,0
VbQk4H8hgr0,4,0
VbQk4H8hgr0,5,0
VbQk4H8hgr0,6,0
VbQk4H8hgr0,7,0
VbQk4H8hgr0,8,0
VbQk4H8hgr0,9,1
VbQk4H8hgr0,10,0
VbQk4H8hgr0,11,0
VbQk4H8hgr0,12,0
VbQk4H8hgr0,13,0
VbQk4H8hgr0,14,0
VbQk4H8hgr0,15,1
VbQk4H8hgr0,16,0
VbQk4H8hgr0,17,0
VbQk4H8hgr0,18,0
VbQk4H8hgr0,19,0
VbQk4H8hgr0,20,0
VbQk4H8hgr0,21,0
VbQk4H8hgr0,22,0
VbQk4H8hgr0,23,0
VbQk4H8hgr0,24,0
VbQk4H8hgr0,25,0
VbQk4H8hgr0,26,0
VbQk4H8hgr0,27,0
VbQk4H8hgr0,28,0
VbQk4H8hgr0,29,0
VbQk4H8hgr0,30,0
VbQk4H8hgr0,31,0
VbQk4H8hgr0,32,0
VbQk4H8hgr0,33,1
VbQk4H8hgr0,34,0
VbQk4H8hgr0,35,0
VbQk4H8hgr0,36,0
VbQk4H8hgr0,37,0
VbQk4H8hgr0,38,0
VbQk4H8hgr0,39,0
VbQk4H8hgr0,40,0
VbQk4H8hgr0,41,0
VbQk4H8hgr0,42,0
VbQk4H8hgr0,43,0
VbQk4H8hgr0,44,0
VbQk4H8hgr0,45,0
VbQk4H8hgr0,46,0
VbQk4H8hgr0,47,1
VbQk4H8hgr0,48,0
VbQk4H8hgr0,49,0
VbQk4H8hgr0,50,0
VbQk4H8hgr0,51,0
VbQk4H8hgr0,52,1
VbQk4H8hgr0,53,0
VbQk4H8hgr0,54,0
VbQk4H8hgr0,55,1
VCslbP0mgZI,1,0
VCslbP0mgZI,2,0
VCslbP0mgZI,3,0
VCslbP0mgZI,4,0
VCslbP0mgZI,5,1
VCslbP0mgZI,6,1
VCslbP0mgZI,7,1
VCslbP0mgZI,8,0
VCslbP0mgZI,9,0
VCslbP0mgZI,10,0
VCslbP0mgZI,11,0
VCslbP0mgZI,12,0
VCslbP0mgZI,13,1
VCslbP0mgZI,14,0
VCslbP0mgZI,15,1
VCslbP0mgZI,16,0
VCslbP0mgZI,17,0
Vj1wYRQjB-o,1,1
Vj1wYRQjB-o,2,1
Vj1wYRQjB-o,3,0
Vj1wYRQjB-o,4,0
Vj1wYRQjB-o,5,1
Vj1wYRQjB-o,6,1
Vj1wYRQjB-o,7,1
Vj1wYRQjB-o,8,1
Vj1wYRQjB-o,9,1
vvZ4IcEtiZc,1,1
vvZ4IcEtiZc,2,1
vvZ4IcEtiZc,3,1
vvZ4IcEtiZc,4,1
vvZ4IcEtiZc,5,1
vvZ4IcEtiZc,6,1
vvZ4IcEtiZc,7,1
vvZ4IcEtiZc,8,0
vvZ4IcEtiZc,9,1
vvZ4IcEtiZc,10,0
vvZ4IcEtiZc,11,1
vvZ4IcEtiZc,12,1
vyB00TXsimI,1,0
vyB00TXsimI,2,0
vyB00TXsimI,3,1
vyB00TXsimI,4,1
vyB00TXsimI,5,1
vyB00TXsimI,6,1
vyB00TXsimI,7,1
vyB00TXsimI,8,1
vyB00TXsimI,9,0
vyB00TXsimI,10,1
vyB00TXsimI,11,0
vyB00TXsimI,12,1
vyB00TXsimI,13,1
vyB00TXsimI,14,1
vyB00TXsimI,15,1
vyB00TXsimI,16,1
vyB00TXsimI,17,1
vyB00TXsimI,18,1
vyB00TXsimI,19,1
vyB00TXsimI,20,1
vyB00TXsimI,21,1
vyB00TXsimI,22,1
W8NXH0Djyww,1,1
W8NXH0Djyww,2,0
W8NXH0Djyww,3,1
W8NXH0Djyww,4,1
W8NXH0Djyww,5,0
W8NXH0Djyww,6,1
W8NXH0Djyww,7,1
W8NXH0Djyww,8,1
W8NXH0Djyww,9,1
W8NXH0Djyww,10,1
W8NXH0Djyww,11,0
W8NXH0Djyww,12,1
W8NXH0Djyww,13,1
W8NXH0Djyww,14,1
W8NXH0Djyww,15,1
W8NXH0Djyww,16,1
W8NXH0Djyww,17,1
W8NXH0Djyww,18,1
W8NXH0Djyww,19,0
W8NXH0Djyww,20,0
W8NXH0Djyww,21,1
W8NXH0Djyww,22,0
W8NXH0Djyww,23,1
W8NXH0Djyww,24,1
W8NXH0Djyww,25,1
W8NXH0Djyww,26,1
W8NXH0Djyww,27,1
W8NXH0Djyww,28,1
W8NXH0Djyww,29,0
W8NXH0Djyww,30,0
W8NXH0Djyww,31,1
W8NXH0Djyww,32,1
WKA5OygbEKI,1,1
WKA5OygbEKI,2,1
WKA5OygbEKI,3,1
WKA5OygbEKI,4,1
WKA5OygbEKI,5,1
WKA5OygbEKI,6,0
WKA5OygbEKI,7,1
WKA5OygbEKI,8,0
WKA5OygbEKI,9,1
WKA5OygbEKI,10,0
WKA5OygbEKI,11,0
WKA5OygbEKI,12,1
WKA5OygbEKI,13,1
WKA5OygbEKI,14,1
WKA5OygbEKI,15,1
WKA5OygbEKI,16,1
WKA5OygbEKI,17,1
WKA5OygbEKI,18,1
WKA5OygbEKI,19,0
WKA5OygbEKI,20,0
WKA5OygbEKI,21,1
WKA5OygbEKI,22,1
wMbj6ajWbic,1,1
wMbj6ajWbic,2,0
wMbj6ajWbic,3,0
wMbj6ajWbic,4,1
wMbj6ajWbic,5,1
wMbj6ajWbic,6,1
wMbj6ajWbic,7,0
wMbj6ajWbic,8,0
wMbj6ajWbic,9,0
wMbj6ajWbic,10,0
wMbj6ajWbic,11,1
wMbj6ajWbic,12,1
wMbj6ajWbic,13,1
wMbj6ajWbic,14,0
wMbj6ajWbic,15,1
wMbj6ajWbic,16,0
wMbj6ajWbic,17,1
wMbj6ajWbic,18,0
wMbj6ajWbic,19,0
wMbj6ajWbic,20,0
wMbj6ajWbic,21,1
wMbj6ajWbic,22,1
wMbj6ajWbic,23,1
wMbj6ajWbic,24,1
wMbj6ajWbic,25,1
wMbj6ajWbic,26,1
wMbj6ajWbic,27,0
wMbj6ajWbic,28,1
wMbj6ajWbic,29,1
wMbj6ajWbic,30,1
X3j2zQgwYgE,1,1
X3j2zQgwYgE,2,0
X3j2zQgwYgE,3,0
X3j2zQgwYgE,4,1
X3j2zQgwYgE,5,0
X3j2zQgwYgE,6,0
X3j2zQgwYgE,7,0
X3j2zQgwYgE,8,0
X3j2zQgwYgE,9,0
X3j2zQgwYgE,10,0
X3j2zQgwYgE,11,1
yDtzw_Y-7RU,1,1
yDtzw_Y-7RU,2,1
yDtzw_Y-7RU,3,1
yDtzw_Y-7RU,4,0
yDtzw_Y-7RU,5,1
yDtzw_Y-7RU,6,0
yDtzw_Y-7RU,7,0
yDtzw_Y-7RU,8,0
yDtzw_Y-7RU,9,0
yDtzw_Y-7RU,10,0
yDtzw_Y-7RU,11,0
yDtzw_Y-7RU,12,0
yDtzw_Y-7RU,13,0
yDtzw_Y-7RU,14,1
yDtzw_Y-7RU,15,1
yDtzw_Y-7RU,16,1
yDtzw_Y-7RU,17,1
yDtzw_Y-7RU,18,0
yDtzw_Y-7RU,19,0
yDtzw_Y-7RU,20,0
yDtzw_Y-7RU,21,1
yDtzw_Y-7RU,22,1
yDtzw_Y-7RU,23,1
yDtzw_Y-7RU,24,0
yvsjCA6Y5Fc,1,0
yvsjCA6Y5Fc,2,0
yvsjCA6Y5Fc,3,0
yvsjCA6Y5Fc,4,0
yvsjCA6Y5Fc,5,1
yvsjCA6Y5Fc,6,0
yvsjCA6Y5Fc,7,0
yvsjCA6Y5Fc,8,1
yvsjCA6Y5Fc,9,0
yvsjCA6Y5Fc,10,0
yvsjCA6Y5Fc,11,1
yvsjCA6Y5Fc,12,0
yvsjCA6Y5Fc,13,0
yvsjCA6Y5Fc,14,0
yvsjCA6Y5Fc,15,0
yvsjCA6Y5Fc,16,0
yvsjCA6Y5Fc,17,0
yvsjCA6Y5Fc,18,0
yvsjCA6Y5Fc,19,0
yvsjCA6Y5Fc,20,1
yvsjCA6Y5Fc,21,0
yvsjCA6Y5Fc,22,0
yvsjCA6Y5Fc,23,0
ZAIRrfG22O0,1,0
ZAIRrfG22O0,2,0
ZAIRrfG22O0,3,1
ZAIRrfG22O0,4,0
ZAIRrfG22O0,5,1
ZAIRrfG22O0,6,1
ZAIRrfG22O0,7,0
ZAIRrfG22O0,8,0
ZAIRrfG22O0,9,0
zhpQhgha_KU,1,0
zhpQhgha_KU,2,1
zhpQhgha_KU,3,0
zhpQhgha_KU,4,0
zhpQhgha_KU,5,0
zhpQhgha_KU,6,1
zhpQhgha_KU,7,1
zhpQhgha_KU,8,0
zhpQhgha_KU,9,0
zhpQhgha_KU,10,1
zhpQhgha_KU,11,0
zhpQhgha_KU,12,0
zhpQhgha_KU,13,0
zhpQhgha_KU,14,0
zhpQhgha_KU,15,0
zhpQhgha_KU,16,1
zhpQhgha_KU,17,1
zhpQhgha_KU,18,1
zhpQhgha_KU,19,0
zhpQhgha_KU,20,0
zhpQhgha_KU,21,1
zhpQhgha_KU,22,1
zhpQhgha_KU,23,0
zhpQhgha_KU,24,0
zhpQhgha_KU,25,1
zhpQhgha_KU,26,0
zhpQhgha_KU,27,1
zhpQhgha_KU,28,1
zhpQhgha_KU,29,0
zhpQhgha_KU,30,0
zhpQhgha_KU,31,0
zhpQhgha_KU,32,1
zhpQhgha_KU,33,0
zhpQhgha_KU,34,1
zhpQhgha_KU,35,1
ZUXBRvtny7o,1,1
ZUXBRvtny7o,2,0
ZUXBRvtny7o,3,1
ZUXBRvtny7o,4,1
ZUXBRvtny7o,5,1
ZUXBRvtny7o,6,1
ZUXBRvtny7o,7,1
ZUXBRvtny7o,8,0
ZUXBRvtny7o,9,1
ZUXBRvtny7o,10,1
ZUXBRvtny7o,11,1
ZUXBRvtny7o,12,1
ZUXBRvtny7o,13,1
ZUXBRvtny7o,14,1
ZUXBRvtny7o,15,1
ZUXBRvtny7o,16,0
ZUXBRvtny7o,17,1
ZUXBRvtny7o,18,1
ZUXBRvtny7o,19,0
ZUXBRvtny7o,20,1
ZUXBRvtny7o,21,1
ZUXBRvtny7o,22,1
ZUXBRvtny7o,23,1
ZUXBRvtny7o,24,1
ZUXBRvtny7o,25,1
ZUXBRvtny7o,26,1
ZUXBRvtny7o,27,1
ZUXBRvtny7o,28,0
ZUXBRvtny7o,29,1
ZUXBRvtny7o,30,1
ZUXBRvtny7o,31,1
ZUXBRvtny7o,32,1
ZUXBRvtny7o,33,1
ZUXBRvtny7o,34,1
